{"mean": [[17.000999450683594, 9.619500160217285, 2.1714999675750732, 0.07949266582727432, 0.7805719971656799, 207.75799560546875]], "std": [[25.348058700561523, 11.5734281539917, 3.9882194995880127, 0.13823974132537842, 1.442732572555542, 491.38140869140625]]}